sample_idx,document_id,pers_entity_id,loc_entity_id,pred_label,confidence,prob_FALSE,prob_TRUE,prob_PROBABLE
0,27058621_1937-12-28_1748_001,27058621_1937-12-28_1748_001_Q29179,27058621_1937-12-28_1748_001_Q1754,FALSE,0.901557,0.901557,0.034147,0.064296
1,27058621_1937-12-28_1748_001,27058621_1937-12-28_1748_001_Q1313206,27058621_1937-12-28_1748_001_Q4115712,FALSE,0.939308,0.939308,0.015543,0.04515
2,27058621_1937-12-28_1748_001,27058621_1937-12-28_1748_001-NIL_valli,27058621_1937-12-28_1748_001_Q220,FALSE,0.910074,0.910074,0.022962,0.066964
3,27058621_1937-12-28_1748_001,27058621_1937-12-28_1748_001_Q61998,27058621_1937-12-28_1748_001_Q2634,FALSE,0.886865,0.886865,0.062511,0.050623
4,27058621_1937-12-28_1748_001,27058621_1937-12-28_1748_001-NIL_valli,27058621_1937-12-28_1748_001_Q38882,FALSE,0.940291,0.940291,0.019978,0.039731
5,27058621_1937-12-28_1748_001,27058621_1937-12-28_1748_001-NIL_kuhn,27058621_1937-12-28_1748_001_Q270,FALSE,0.770135,0.770135,0.104634,0.125231
6,27058621_1937-12-28_1748_001,27058621_1937-12-28_1748_001_Q640292,27058621_1937-12-28_1748_001_Q220,TRUE,0.921275,0.025931,0.921275,0.052793
7,27058621_1937-12-28_1748_001,27058621_1937-12-28_1748_001_Q213537,27058621_1937-12-28_1748_001_Q220,TRUE,0.601532,0.057727,0.601532,0.34074
8,27058621_1937-12-28_1748_001,27058621_1937-12-28_1748_001-NIL_kwanka,27058621_1937-12-28_1748_001_Q270,FALSE,0.887666,0.887666,0.017579,0.094755
9,27058621_1937-12-28_1748_001,27058621_1937-12-28_1748_001_Q23559,27058621_1937-12-28_1748_001_Q220,TRUE,0.779499,0.130267,0.779499,0.090234
10,27058621_1937-12-28_1748_001,27058621_1937-12-28_1748_001-NIL_klitzsch,27058621_1937-12-28_1748_001_Q64,FALSE,0.939147,0.939147,0.017609,0.043244
11,27058621_1937-12-28_1748_001,27058621_1937-12-28_1748_001-NIL_schnurr,27058621_1937-12-28_1748_001_Q90,FALSE,0.947124,0.947124,0.014838,0.038038
12,27058621_1937-12-28_1748_001,27058621_1937-12-28_1748_001-NIL_schnurr,27058621_1937-12-28_1748_001_Q3561,FALSE,0.953427,0.953427,0.012383,0.03419
13,27058621_1937-12-28_1748_001,27058621_1937-12-28_1748_001_Q1272251,27058621_1937-12-28_1748_001_Q26399,FALSE,0.917909,0.917909,0.038483,0.043607
14,27058621_1937-12-28_1748_001,27058621_1937-12-28_1748_001-NIL_guido,27058621_1937-12-28_1748_001_Q220,FALSE,0.900493,0.900493,0.01974,0.079767
15,27058621_1937-12-28_1748_001,27058621_1937-12-28_1748_001-NIL_guido,27058621_1937-12-28_1748_001_Q1490,FALSE,0.949014,0.949014,0.01546,0.035526
16,luxwort-1848-12-15-a-i0001,luxwort-1848-12-15-a-i0001_Q738855,luxwort-1848-12-15-a-i0001_Q32,FALSE,0.869278,0.869278,0.064212,0.06651
17,luxwort-1848-12-15-a-i0001,luxwort-1848-12-15-a-i0001_Q3343509,luxwort-1848-12-15-a-i0001_Q397678,TRUE,0.969764,0.009143,0.969764,0.021093
18,luxwort-1848-12-15-a-i0001,luxwort-1848-12-15-a-i0001-NIL_ulrich,luxwort-1848-12-15-a-i0001_Q397678,FALSE,0.739626,0.739626,0.196748,0.063626
19,luxwort-1848-12-15-a-i0001,luxwort-1848-12-15-a-i0001_Q3343509,luxwort-1848-12-15-a-i0001_Q691842,TRUE,0.967313,0.009938,0.967313,0.022749
20,luxwort-1848-12-15-a-i0001,luxwort-1848-12-15-a-i0001-NIL_ulrich,luxwort-1848-12-15-a-i0001_Q691842,TRUE,0.971561,0.008275,0.971561,0.020164
21,luxwort-1848-12-15-a-i0001,luxwort-1848-12-15-a-i0001_Q738855,luxwort-1848-12-15-a-i0001_Q397678,FALSE,0.956104,0.956104,0.013638,0.030257
22,luxwort-1848-12-15-a-i0001,luxwort-1848-12-15-a-i0001_Q6171617,luxwort-1848-12-15-a-i0001_Q32,TRUE,0.949563,0.022861,0.949563,0.027576
23,luxwort-1848-12-15-a-i0001,luxwort-1848-12-15-a-i0001_Q738855,luxwort-1848-12-15-a-i0001_Q691842,FALSE,0.602696,0.602696,0.045754,0.35155
24,luxwort-1848-12-15-a-i0001,luxwort-1848-12-15-a-i0001_Q3343509,luxwort-1848-12-15-a-i0001_Q32,TRUE,0.969155,0.008926,0.969155,0.021919
25,luxwort-1848-12-15-a-i0001,luxwort-1848-12-15-a-i0001_Q6171617,luxwort-1848-12-15-a-i0001_Q691842,TRUE,0.958606,0.009849,0.958606,0.031545
26,luxwort-1848-12-15-a-i0001,luxwort-1848-12-15-a-i0001_Q6171617,luxwort-1848-12-15-a-i0001_Q397678,FALSE,0.908733,0.908733,0.034961,0.056306
27,luxwort-1848-12-15-a-i0001,luxwort-1848-12-15-a-i0001-NIL_ulrich,luxwort-1848-12-15-a-i0001_Q32,TRUE,0.971499,0.00802,0.971499,0.02048
28,luxwort-1858-02-07-a-i0009,luxwort-1858-02-07-a-i0009_Q4251818,luxwort-1858-02-07-a-i0009_Q31,TRUE,0.966699,0.008234,0.966699,0.025067
29,luxwort-1858-02-07-a-i0009,luxwort-1858-02-07-a-i0009_Q4251818,luxwort-1858-02-07-a-i0009_Q239,TRUE,0.957966,0.007546,0.957966,0.034487
30,luxwort-1858-02-07-a-i0009,luxwort-1858-02-07-a-i0009-NIL_coulon,luxwort-1858-02-07-a-i0009_Q84,TRUE,0.968436,0.008249,0.968436,0.023316
31,luxwort-1858-02-07-a-i0009,luxwort-1858-02-07-a-i0009-NIL_brismee,luxwort-1858-02-07-a-i0009_Q31,TRUE,0.966728,0.008107,0.966728,0.025166
32,luxwort-1858-02-07-a-i0009,luxwort-1858-02-07-a-i0009_Q708837,luxwort-1858-02-07-a-i0009_Q84,FALSE,0.957535,0.957535,0.012632,0.029833
33,luxwort-1858-02-07-a-i0009,luxwort-1858-02-07-a-i0009-NIL_brismee,luxwort-1858-02-07-a-i0009_Q239,TRUE,0.95276,0.008373,0.95276,0.038867
34,luxwort-1858-02-07-a-i0009,luxwort-1858-02-07-a-i0009-NIL_mr_coulon_der_kuhne_schneider,luxwort-1858-02-07-a-i0009_Q84,TRUE,0.970352,0.007181,0.970352,0.022467
35,luxwort-1858-02-07-a-i0009,luxwort-1858-02-07-a-i0009_Q3106996,luxwort-1858-02-07-a-i0009_Q84,TRUE,0.603517,0.058601,0.603517,0.337882
36,luxwort-1858-02-07-a-i0009,luxwort-1858-02-07-a-i0009-NIL_sm_i_,luxwort-1858-02-07-a-i0009_Q84,TRUE,0.526047,0.39169,0.526047,0.082263
37,luxwort-1858-02-07-a-i0009,luxwort-1858-02-07-a-i0009-NIL_brismee,luxwort-1858-02-07-a-i0009_Q84,TRUE,0.962543,0.007702,0.962543,0.029756
38,luxwort-1858-02-07-a-i0009,luxwort-1858-02-07-a-i0009_Q4251818,luxwort-1858-02-07-a-i0009_Q84,TRUE,0.970622,0.007766,0.970622,0.021612
39,luxwort-1858-02-07-a-i0009,luxwort-1858-02-07-a-i0009-NIL_coulon,luxwort-1858-02-07-a-i0009_Q239,TRUE,0.96509,0.008888,0.96509,0.026022
40,luxwort-1858-02-07-a-i0009,luxwort-1858-02-07-a-i0009_Q708837,luxwort-1858-02-07-a-i0009_Q31,PROBABLE,0.9826,0.006569,0.010831,0.9826
41,luxwort-1858-02-07-a-i0009,luxwort-1858-02-07-a-i0009-NIL_coulon,luxwort-1858-02-07-a-i0009_Q31,TRUE,0.969255,0.008128,0.969255,0.022617
42,luxwort-1858-02-07-a-i0009,luxwort-1858-02-07-a-i0009-NIL_mr_coulon_der_kuhne_schneider,luxwort-1858-02-07-a-i0009_Q31,TRUE,0.971543,0.007653,0.971543,0.020804
43,luxwort-1858-02-07-a-i0009,luxwort-1858-02-07-a-i0009_Q708837,luxwort-1858-02-07-a-i0009_Q239,PROBABLE,0.696795,0.275547,0.027658,0.696795
44,NZZ-1928-08-28-f-p0001,NZZ-1928-08-28-f-p0001_Q14543330,NZZ-1928-08-28-f-p0001_Q4191,TRUE,0.9717,0.007655,0.9717,0.020645
45,NZZ-1928-08-28-f-p0001,NZZ-1928-08-28-f-p0001_Q298388,NZZ-1928-08-28-f-p0001_Q84,FALSE,0.951379,0.951379,0.019439,0.029182
46,NZZ-1928-08-28-f-p0001,NZZ-1928-08-28-f-p0001_Q1947991,NZZ-1928-08-28-f-p0001_Q1055,FALSE,0.938448,0.938448,0.026831,0.034721
47,NZZ-1928-08-28-f-p0001,NZZ-1928-08-28-f-p0001_Q20737816,NZZ-1928-08-28-f-p0001_Q4191,TRUE,0.972262,0.008027,0.972262,0.019711
48,NZZ-1928-08-28-f-p0001,NZZ-1928-08-28-f-p0001_Q1893358,NZZ-1928-08-28-f-p0001_Q359242,FALSE,0.944496,0.944496,0.027644,0.027861
49,NZZ-1928-08-28-f-p0001,NZZ-1928-08-28-f-p0001_Q1403642,NZZ-1928-08-28-f-p0001_Q4191,TRUE,0.967896,0.009342,0.967896,0.022763
50,NZZ-1928-08-28-f-p0001,NZZ-1928-08-28-f-p0001_Q298388,NZZ-1928-08-28-f-p0001_Q1591351,FALSE,0.959193,0.959193,0.014227,0.02658
51,NZZ-1928-08-28-f-p0001,NZZ-1928-08-28-f-p0001_Q6260848,NZZ-1928-08-28-f-p0001_Q84,FALSE,0.957892,0.957892,0.016481,0.025627
52,NZZ-1928-08-28-f-p0001,NZZ-1928-08-28-f-p0001_Q298388,NZZ-1928-08-28-f-p0001-NIL_werdersche_markt,FALSE,0.959624,0.959624,0.015879,0.024498
53,NZZ-1928-08-28-f-p0001,NZZ-1928-08-28-f-p0001_Q20737816,NZZ-1928-08-28-f-p0001_Q30978,TRUE,0.960678,0.014702,0.960678,0.02462
54,NZZ-1928-08-28-f-p0001,NZZ-1928-08-28-f-p0001_Q1403642,NZZ-1928-08-28-f-p0001_Q30978,TRUE,0.963817,0.010297,0.963817,0.025886
55,NZZ-1928-08-28-f-p0001,NZZ-1928-08-28-f-p0001_Q298388,NZZ-1928-08-28-f-p0001_Q90,FALSE,0.957637,0.957637,0.015723,0.026641
56,NZZ-1928-08-28-f-p0001,NZZ-1928-08-28-f-p0001_Q1610267,NZZ-1928-08-28-f-p0001_Q359242,FALSE,0.954368,0.954368,0.015547,0.030085
57,NZZ-1928-08-28-f-p0001,NZZ-1928-08-28-f-p0001_Q213900,NZZ-1928-08-28-f-p0001_Q64,FALSE,0.960633,0.960633,0.01436,0.025007
58,NZZ-1928-08-28-f-p0001,NZZ-1928-08-28-f-p0001_Q365448,NZZ-1928-08-28-f-p0001_Q359242,FALSE,0.957752,0.957752,0.014543,0.027705
59,NZZ-1928-08-28-f-p0001,NZZ-1928-08-28-f-p0001_Q14543330,NZZ-1928-08-28-f-p0001_Q30978,TRUE,0.970423,0.008137,0.970423,0.021439
60,tageblatt-1928-02-15-a-i0018,tageblatt-1928-02-15-a-i0018-NIL_simon_tovbini,tageblatt-1928-02-15-a-i0018_Q64,FALSE,0.959383,0.959383,0.014342,0.026275
61,tageblatt-1928-02-15-a-i0018,tageblatt-1928-02-15-a-i0018-NIL_simon_tovbini,tageblatt-1928-02-15-a-i0018_Q90,FALSE,0.960858,0.960858,0.014031,0.025111
62,tageblatt-1928-02-15-a-i0018,tageblatt-1928-02-15-a-i0018-NIL_laeasze,tageblatt-1928-02-15-a-i0018_Q64,FALSE,0.956152,0.956152,0.014405,0.029443
63,tageblatt-1928-02-15-a-i0018,tageblatt-1928-02-15-a-i0018_Q5081605,tageblatt-1928-02-15-a-i0018_Q60,FALSE,0.958512,0.958512,0.015134,0.026354
64,tageblatt-1928-02-15-a-i0018,tageblatt-1928-02-15-a-i0018-NIL_blumenstein,tageblatt-1928-02-15-a-i0018_Q90,FALSE,0.959481,0.959481,0.014343,0.026176
65,tageblatt-1928-02-15-a-i0018,tageblatt-1928-02-15-a-i0018-NIL_laeasze,tageblatt-1928-02-15-a-i0018_Q90,FALSE,0.957641,0.957641,0.013554,0.028806
66,tageblatt-1928-02-15-a-i0018,tageblatt-1928-02-15-a-i0018-NIL_laeasze,tageblatt-1928-02-15-a-i0018_Q1794,FALSE,0.956255,0.956255,0.014184,0.029561
67,tageblatt-1928-02-15-a-i0018,tageblatt-1928-02-15-a-i0018-NIL_blumenstein,tageblatt-1928-02-15-a-i0018_Q64,FALSE,0.957443,0.957443,0.013981,0.028575
68,tageblatt-1928-02-15-a-i0018,tageblatt-1928-02-15-a-i0018_Q717905,tageblatt-1928-02-15-a-i0018_Q817279,FALSE,0.961007,0.961007,0.012878,0.026115
69,tageblatt-1928-02-15-a-i0018,tageblatt-1928-02-15-a-i0018_Q5081605,tageblatt-1928-02-15-a-i0018_Q84,FALSE,0.958958,0.958958,0.014675,0.026367
70,tageblatt-1928-02-15-a-i0018,tageblatt-1928-02-15-a-i0018-NIL_simon_tovbini,tageblatt-1928-02-15-a-i0018_Q1721,FALSE,0.95426,0.95426,0.015185,0.030555
71,tageblatt-1928-02-15-a-i0018,tageblatt-1928-02-15-a-i0018-NIL_simon_tovbini,tageblatt-1928-02-15-a-i0018_Q1794,FALSE,0.956045,0.956045,0.014631,0.029325
72,tageblatt-1928-02-15-a-i0018,tageblatt-1928-02-15-a-i0018-NIL_blumenstein,tageblatt-1928-02-15-a-i0018_Q1794,FALSE,0.950359,0.950359,0.01648,0.033161
73,tageblatt-1928-02-15-a-i0018,tageblatt-1928-02-15-a-i0018-NIL_laeasze,tageblatt-1928-02-15-a-i0018_Q1721,FALSE,0.953335,0.953335,0.01517,0.031494
74,tageblatt-1928-02-15-a-i0018,tageblatt-1928-02-15-a-i0018-NIL_simon_tovbini,tageblatt-1928-02-15-a-i0018_Q1200,FALSE,0.956904,0.956904,0.013973,0.029123
75,tageblatt-1928-02-15-a-i0018,tageblatt-1928-02-15-a-i0018-NIL_simon_tovbini,tageblatt-1928-02-15-a-i0018_Q1724,FALSE,0.957233,0.957233,0.014198,0.028569
76,NZZ-1918-11-22-e-p0001,NZZ-1918-11-22-e-p0001-NIL_vogel,NZZ-1918-11-22-e-p0001_Q12172,TRUE,0.577945,0.124989,0.577945,0.297065
77,NZZ-1918-11-22-e-p0001,NZZ-1918-11-22-e-p0001_Q17305208,NZZ-1918-11-22-e-p0001_Q63939,TRUE,0.690749,0.194265,0.690749,0.114986
78,NZZ-1918-11-22-e-p0001,NZZ-1918-11-22-e-p0001-NIL_vogel,NZZ-1918-11-22-e-p0001_Q72,TRUE,0.942754,0.008819,0.942754,0.048427
79,NZZ-1918-11-22-e-p0001,NZZ-1918-11-22-e-p0001-NIL_a_stocklin,NZZ-1918-11-22-e-p0001_Q63939,TRUE,0.969162,0.006951,0.969162,0.023886
80,NZZ-1918-11-22-e-p0001,NZZ-1918-11-22-e-p0001_Q17305208,NZZ-1918-11-22-e-p0001_Q11972,TRUE,0.900039,0.043094,0.900039,0.056867
81,NZZ-1918-11-22-e-p0001,NZZ-1918-11-22-e-p0001_Q17305208,NZZ-1918-11-22-e-p0001_Q12738,TRUE,0.930387,0.023111,0.930387,0.046503
82,NZZ-1918-11-22-e-p0001,NZZ-1918-11-22-e-p0001_Q16101776,NZZ-1918-11-22-e-p0001_Q63939,FALSE,0.413249,0.413249,0.21523,0.371521
83,NZZ-1918-11-22-e-p0001,NZZ-1918-11-22-e-p0001_Q2173442,NZZ-1918-11-22-e-p0001_Q63939,FALSE,0.343772,0.343772,0.325636,0.330592
84,NZZ-1918-11-22-e-p0001,NZZ-1918-11-22-e-p0001_Q17305208,NZZ-1918-11-22-e-p0001_Q511990,FALSE,0.570892,0.570892,0.084195,0.344913
85,NZZ-1918-11-22-e-p0001,NZZ-1918-11-22-e-p0001_Q15621718,NZZ-1918-11-22-e-p0001_Q63939,PROBABLE,0.524876,0.094105,0.381019,0.524876
86,NZZ-1918-11-22-e-p0001,NZZ-1918-11-22-e-p0001_Q1372980,NZZ-1918-11-22-e-p0001_Q63939,FALSE,0.874384,0.874384,0.034708,0.090908
87,NZZ-1918-11-22-e-p0001,NZZ-1918-11-22-e-p0001_Q17305208,NZZ-1918-11-22-e-p0001_Q648339,FALSE,0.914295,0.914295,0.032279,0.053427
88,NZZ-1918-11-22-e-p0001,NZZ-1918-11-22-e-p0001_Q1458040,NZZ-1918-11-22-e-p0001_Q63939,TRUE,0.851064,0.057465,0.851064,0.091471
89,NZZ-1918-11-22-e-p0001,NZZ-1918-11-22-e-p0001_Q17305208,NZZ-1918-11-22-e-p0001_Q661133,FALSE,0.878011,0.878011,0.063852,0.058138
90,NZZ-1918-11-22-e-p0001,NZZ-1918-11-22-e-p0001_Q55852843,NZZ-1918-11-22-e-p0001_Q63939,TRUE,0.963348,0.012909,0.963348,0.023743
91,NZZ-1918-11-22-e-p0001,NZZ-1918-11-22-e-p0001_Q17305208,NZZ-1918-11-22-e-p0001_Q661256,TRUE,0.417312,0.281816,0.417312,0.300872
92,27058621_1936-09-11_0016_001,27058621_1936-09-11_0016_001-NIL_katznelsohn_s_b_,27058621_1936-09-11_0016_001_Q205711,FALSE,0.95458,0.95458,0.014495,0.030926
93,27058621_1936-09-11_0016_001,27058621_1936-09-11_0016_001-NIL_katznelsohn_s_b_,27058621_1936-09-11_0016_001_Q133356,FALSE,0.956893,0.956893,0.013756,0.029351
94,27058621_1936-09-11_0016_001,27058621_1936-09-11_0016_001-NIL_katznelsohn_s_b_,27058621_1936-09-11_0016_001-NIL_nordgaues,FALSE,0.955455,0.955455,0.013952,0.030593
95,27058621_1936-09-11_0016_001,27058621_1936-09-11_0016_001-NIL_kaplan_sophie,27058621_1936-09-11_0016_001_Q649,FALSE,0.957986,0.957986,0.015364,0.02665
96,27058621_1936-09-11_0016_001,27058621_1936-09-11_0016_001-NIL_gordon_lazarus_g_,27058621_1936-09-11_0016_001-NIL_dongebiets,FALSE,0.958906,0.958906,0.013678,0.027415
97,27058621_1936-09-11_0016_001,27058621_1936-09-11_0016_001-NIL_goldmann_david_m_,27058621_1936-09-11_0016_001-NIL_dongebiets,FALSE,0.917806,0.917806,0.049023,0.033171
98,27058621_1936-09-11_0016_001,27058621_1936-09-11_0016_001-NIL_davidsohn_benjamin_a_,27058621_1936-09-11_0016_001_Q2305208,FALSE,0.947024,0.947024,0.025041,0.027935
99,27058621_1936-09-11_0016_001,27058621_1936-09-11_0016_001-NIL_kogan_samuel_l_,27058621_1936-09-11_0016_001-NIL_slon,FALSE,0.953803,0.953803,0.015297,0.0309
100,27058621_1936-09-11_0016_001,27058621_1936-09-11_0016_001-NIL_aronstamm_gregor_nahumssohn,27058621_1936-09-11_0016_001_Q15180,FALSE,0.957429,0.957429,0.014767,0.027804
101,27058621_1936-09-11_0016_001,27058621_1936-09-11_0016_001-NIL_serpuchowskij,27058621_1936-09-11_0016_001-NIL_slon,FALSE,0.95406,0.95406,0.013294,0.032646
102,27058621_1936-09-11_0016_001,27058621_1936-09-11_0016_001-NIL_guchmann_salomon_jsaaksohn,27058621_1936-09-11_0016_001_Q2305208,TRUE,0.647892,0.292313,0.647892,0.059794
103,27058621_1936-09-11_0016_001,27058621_1936-09-11_0016_001-NIL_goldmann_david_m_,27058621_1936-09-11_0016_001_Q64,FALSE,0.780446,0.780446,0.167674,0.05188
104,27058621_1936-09-11_0016_001,27058621_1936-09-11_0016_001-NIL_serpuchowskij,27058621_1936-09-11_0016_001_Q205711,FALSE,0.954329,0.954329,0.012888,0.032783
105,27058621_1936-09-11_0016_001,27058621_1936-09-11_0016_001_Q333342,27058621_1936-09-11_0016_001_Q2305208,FALSE,0.957067,0.957067,0.012048,0.030885
106,27058621_1936-09-11_0016_001,27058621_1936-09-11_0016_001-NIL_fajwilowitsch,27058621_1936-09-11_0016_001_Q205711,FALSE,0.954881,0.954881,0.013202,0.031917
107,27058621_1936-09-11_0016_001,27058621_1936-09-11_0016_001-NIL_katznelsohn_s_b_,27058621_1936-09-11_0016_001-NIL_slon,FALSE,0.95357,0.95357,0.013287,0.033143
108,luxwort-1938-04-11-a-i0066,luxwort-1938-04-11-a-i0066-NIL_linsen_jos_,luxwort-1938-04-11-a-i0066_Q33946,TRUE,0.777037,0.048904,0.777037,0.174059
109,luxwort-1938-04-11-a-i0066,luxwort-1938-04-11-a-i0066-NIL_linsen_jos_,luxwort-1938-04-11-a-i0066_Q669155,FALSE,0.960592,0.960592,0.012476,0.026932
110,luxwort-1948-08-27-a-i0008,luxwort-1948-08-27-a-i0008-NIL_w_john_logan,luxwort-1948-08-27-a-i0008_Q693911,FALSE,0.955236,0.955236,0.014058,0.030706
111,luxwort-1948-08-27-a-i0008,luxwort-1948-08-27-a-i0008-NIL_m_r_l_robinson,luxwort-1948-08-27-a-i0008_Q693911,TRUE,0.971017,0.007531,0.971017,0.021453
112,luxwort-1948-08-27-a-i0008,luxwort-1948-08-27-a-i0008-NIL_logan,luxwort-1948-08-27-a-i0008_Q693911,FALSE,0.955922,0.955922,0.014179,0.029899
113,luxwort-1948-08-27-a-i0008,luxwort-1948-08-27-a-i0008-NIL_logan,luxwort-1948-08-27-a-i0008_Q55309,FALSE,0.960061,0.960061,0.012276,0.027664
114,luxwort-1948-08-27-a-i0008,luxwort-1948-08-27-a-i0008-NIL_logan,luxwort-1948-08-27-a-i0008_Q30,FALSE,0.95601,0.95601,0.020794,0.023197
115,luxwort-1948-08-27-a-i0008,luxwort-1948-08-27-a-i0008-NIL_w_john_logan,luxwort-1948-08-27-a-i0008_Q1794,FALSE,0.94981,0.94981,0.012928,0.037262
116,luxwort-1948-08-27-a-i0008,luxwort-1948-08-27-a-i0008-NIL_logan,luxwort-1948-08-27-a-i0008_Q55304,FALSE,0.933828,0.933828,0.022836,0.043336
117,luxwort-1948-08-27-a-i0008,luxwort-1948-08-27-a-i0008-NIL_w_john_logan,luxwort-1948-08-27-a-i0008_Q713750,TRUE,0.873577,0.065803,0.873577,0.06062
118,luxwort-1948-08-27-a-i0008,luxwort-1948-08-27-a-i0008-NIL_m_r_l_robinson,luxwort-1948-08-27-a-i0008_Q55309,TRUE,0.972575,0.006761,0.972575,0.020664
119,luxwort-1948-08-27-a-i0008,luxwort-1948-08-27-a-i0008-NIL_logan,luxwort-1948-08-27-a-i0008_Q183,TRUE,0.53386,0.318471,0.53386,0.147669
120,luxwort-1948-08-27-a-i0008,luxwort-1948-08-27-a-i0008-NIL_logan,luxwort-1948-08-27-a-i0008_Q64,FALSE,0.948012,0.948012,0.019675,0.032313
121,luxwort-1948-08-27-a-i0008,luxwort-1948-08-27-a-i0008-NIL_m_r_l_robinson,luxwort-1948-08-27-a-i0008_Q55304,TRUE,0.935261,0.020825,0.935261,0.043914
122,luxwort-1948-08-27-a-i0008,luxwort-1948-08-27-a-i0008-NIL_m_r_l_robinson,luxwort-1948-08-27-a-i0008_Q713750,TRUE,0.968918,0.008649,0.968918,0.022433
123,luxwort-1948-08-27-a-i0008,luxwort-1948-08-27-a-i0008-NIL_w_john_logan,luxwort-1948-08-27-a-i0008_Q55309,FALSE,0.944034,0.944034,0.022376,0.03359
124,luxwort-1948-08-27-a-i0008,luxwort-1948-08-27-a-i0008-NIL_m_r_l_robinson,luxwort-1948-08-27-a-i0008_Q1794,TRUE,0.962631,0.008072,0.962631,0.029297
125,luxwort-1948-08-27-a-i0008,luxwort-1948-08-27-a-i0008-NIL_w_john_logan,luxwort-1948-08-27-a-i0008_Q55304,FALSE,0.958266,0.958266,0.015489,0.026245
126,dev_de_11,dev_de_11_Q12017799,dev_de_11_Q42585,FALSE,0.955161,0.955161,0.014964,0.029875
127,dev_de_11,dev_de_11-NIL_j_leopold,dev_de_11_Q1781,FALSE,0.956143,0.956143,0.015097,0.02876
128,dev_de_11,dev_de_11-NIL_j_blockner,dev_de_11_Q13298,FALSE,0.954329,0.954329,0.014266,0.031404
129,dev_de_11,dev_de_11_Q12017799,dev_de_11_Q131964,FALSE,0.951073,0.951073,0.020207,0.02872
130,dev_de_11,dev_de_11-NIL_witzek,dev_de_11_Q1085,FALSE,0.956361,0.956361,0.014075,0.029564
131,dev_de_11,dev_de_11-NIL_j_leopold,dev_de_11_Q2079,FALSE,0.955252,0.955252,0.01428,0.030468
132,dev_de_11,dev_de_11-NIL_heinrich_eisler,dev_de_11_Q64,FALSE,0.953324,0.953324,0.014935,0.031741
133,dev_de_11,dev_de_11-NIL_jos_schwarz,dev_de_11_Q13298,FALSE,0.955899,0.955899,0.01385,0.030251
134,dev_de_11,dev_de_11-NIL_witzek,dev_de_11_Q14960,FALSE,0.954247,0.954247,0.014718,0.031036
135,dev_de_11,dev_de_11_Q71476,dev_de_11_Q2079,FALSE,0.954464,0.954464,0.014493,0.031043
136,dev_de_11,dev_de_11-NIL_heinrich_eisler,dev_de_11_Q78,FALSE,0.954021,0.954021,0.01483,0.03115
137,dev_de_11,dev_de_11-NIL_jos_schwarz,dev_de_11_Q14960,FALSE,0.952276,0.952276,0.015392,0.032332
138,dev_de_11,dev_de_11-NIL_jos_a_kienreich,dev_de_11-NIL_wollzeile_20,FALSE,0.953998,0.953998,0.014486,0.031516
139,dev_de_11,dev_de_11-NIL_j_blockner,dev_de_11_Q1085,FALSE,0.952051,0.952051,0.015877,0.032072
140,dev_de_11,dev_de_11-NIL_jos_a_kienreich,dev_de_11_Q13298,FALSE,0.95776,0.95776,0.014317,0.027923
141,dev_de_11,dev_de_11_Q71476,dev_de_11_Q3452296,FALSE,0.953109,0.953109,0.015771,0.03112
142,luxwort-1858-06-20-a-i0006,luxwort-1858-06-20-a-i0006_Q3776769,luxwort-1858-06-20-a-i0006_Q34266,FALSE,0.781741,0.781741,0.162507,0.055751
143,luxwort-1858-06-20-a-i0006,luxwort-1858-06-20-a-i0006_Q3776769,luxwort-1858-06-20-a-i0006_Q142,TRUE,0.966182,0.010005,0.966182,0.023813
144,luxwort-1858-06-20-a-i0006,luxwort-1858-06-20-a-i0006_Q3776769,luxwort-1858-06-20-a-i0006_Q205653,TRUE,0.781758,0.034889,0.781758,0.183353
145,luxwort-1858-06-20-a-i0006,luxwort-1858-06-20-a-i0006_Q3776769,luxwort-1858-06-20-a-i0006_Q90,TRUE,0.970334,0.008395,0.970334,0.021271
146,tageblatt-1918-06-14-a-i0004,tageblatt-1918-06-14-a-i0004_Q764182,tageblatt-1918-06-14-a-i0004_Q6454,FALSE,0.95797,0.95797,0.013772,0.028258
147,tageblatt-1918-06-14-a-i0004,tageblatt-1918-06-14-a-i0004_Q764182,tageblatt-1918-06-14-a-i0004_Q142,FALSE,0.847972,0.847972,0.10267,0.049358
148,tageblatt-1918-06-14-a-i0004,tageblatt-1918-06-14-a-i0004_Q926206,tageblatt-1918-06-14-a-i0004_Q61,FALSE,0.95357,0.95357,0.018737,0.027692
149,tageblatt-1918-06-14-a-i0004,tageblatt-1918-06-14-a-i0004_Q764182,tageblatt-1918-06-14-a-i0004_Q3554035,FALSE,0.954477,0.954477,0.014721,0.030802
150,tageblatt-1918-06-14-a-i0004,tageblatt-1918-06-14-a-i0004_Q764182,tageblatt-1918-06-14-a-i0004_Q46,FALSE,0.958175,0.958175,0.013561,0.028264
151,tageblatt-1918-06-14-a-i0004,tageblatt-1918-06-14-a-i0004_Q926206,tageblatt-1918-06-14-a-i0004_Q142,FALSE,0.95645,0.95645,0.018359,0.025192
152,tageblatt-1918-06-14-a-i0004,tageblatt-1918-06-14-a-i0004_Q764182,tageblatt-1918-06-14-a-i0004_Q41876,FALSE,0.95846,0.95846,0.013046,0.028494
153,tageblatt-1918-06-14-a-i0004,tageblatt-1918-06-14-a-i0004_Q764182,tageblatt-1918-06-14-a-i0004_Q167152,FALSE,0.956804,0.956804,0.014528,0.028668
154,tageblatt-1918-06-14-a-i0004,tageblatt-1918-06-14-a-i0004_Q764182,tageblatt-1918-06-14-a-i0004_Q90,FALSE,0.959207,0.959207,0.013261,0.027531
155,tageblatt-1918-06-14-a-i0004,tageblatt-1918-06-14-a-i0004_Q926206,tageblatt-1918-06-14-a-i0004_Q90,FALSE,0.95398,0.95398,0.018746,0.027275
156,tageblatt-1918-06-14-a-i0004,tageblatt-1918-06-14-a-i0004_Q926206,tageblatt-1918-06-14-a-i0004_Q6454,FALSE,0.950306,0.950306,0.022524,0.02717
157,tageblatt-1918-06-14-a-i0004,tageblatt-1918-06-14-a-i0004_Q764182,tageblatt-1918-06-14-a-i0004_Q61,FALSE,0.957229,0.957229,0.014535,0.028236
158,tageblatt-1918-06-14-a-i0004,tageblatt-1918-06-14-a-i0004_Q764182,tageblatt-1918-06-14-a-i0004_Q41604,FALSE,0.9587,0.9587,0.01389,0.02741
159,tageblatt-1918-06-14-a-i0004,tageblatt-1918-06-14-a-i0004_Q926206,tageblatt-1918-06-14-a-i0004_Q46,FALSE,0.924878,0.924878,0.03954,0.035582
160,tageblatt-1918-06-14-a-i0004,tageblatt-1918-06-14-a-i0004_Q764182,tageblatt-1918-06-14-a-i0004_Q74308,FALSE,0.958148,0.958148,0.014778,0.027075
161,tageblatt-1918-06-14-a-i0004,tageblatt-1918-06-14-a-i0004_Q926206,tageblatt-1918-06-14-a-i0004_Q41876,FALSE,0.959895,0.959895,0.014921,0.025184
162,NZZ-1848-02-20-a-p0002,NZZ-1848-02-20-a-p0002_Q190,NZZ-1848-02-20-a-p0002_Q2634,FALSE,0.952749,0.952749,0.01528,0.031971
163,NZZ-1848-02-20-a-p0002,NZZ-1848-02-20-a-p0002_Q190,NZZ-1848-02-20-a-p0002_Q38,FALSE,0.953457,0.953457,0.015411,0.031131
164,NZZ-1848-02-20-a-p0002,NZZ-1848-02-20-a-p0002_Q190,NZZ-1848-02-20-a-p0002_Q90,FALSE,0.961186,0.961186,0.013498,0.025316
165,NZZ-1848-02-20-a-p0002,NZZ-1848-02-20-a-p0002_Q190,NZZ-1848-02-20-a-p0002_Q142,FALSE,0.955592,0.955592,0.015326,0.029083
166,NZZ-1848-08-26-a-p0002,NZZ-1848-08-26-a-p0002_Q67299,NZZ-1848-08-26-a-p0002_Q64,TRUE,0.969845,0.005589,0.969845,0.024566
167,NZZ-1848-08-26-a-p0002,NZZ-1848-08-26-a-p0002_Q67299,NZZ-1848-08-26-a-p0002_Q160899,PROBABLE,0.989037,0.0048,0.006163,0.989037
168,NZZ-1848-08-26-a-p0002,NZZ-1848-08-26-a-p0002_Q67299,NZZ-1848-08-26-a-p0002_Q162049,TRUE,0.81455,0.010662,0.81455,0.174788
169,NZZ-1848-08-26-a-p0002,NZZ-1848-08-26-a-p0002_Q67299,NZZ-1848-08-26-a-p0002_Q38872,PROBABLE,0.961461,0.009956,0.028583,0.961461
170,NZZ-1848-08-26-a-p0002,NZZ-1848-08-26-a-p0002_Q67299,NZZ-1848-08-26-a-p0002_Q183,PROBABLE,0.974818,0.007327,0.017854,0.974818
171,9838247_1876-12-06_0_0_001,9838247_1876-12-06_0_0_001_Q8442,9838247_1876-12-06_0_0_001_Q159,FALSE,0.659963,0.659963,0.254811,0.085226
172,9838247_1876-12-06_0_0_001,9838247_1876-12-06_0_0_001_Q19834938,9838247_1876-12-06_0_0_001_Q159,FALSE,0.932729,0.932729,0.028166,0.039105
173,9838247_1876-12-06_0_0_001,9838247_1876-12-06_0_0_001_Q8442,9838247_1876-12-06_0_0_001_Q183,TRUE,0.967651,0.009052,0.967651,0.023297
174,9838247_1876-12-06_0_0_001,9838247_1876-12-06_0_0_001_Q19834938,9838247_1876-12-06_0_0_001_Q183,TRUE,0.581372,0.332552,0.581372,0.086076
175,9838247_1876-12-06_0_0_001,9838247_1876-12-06_0_0_001_Q19834938,9838247_1876-12-06_0_0_001_Q1773,FALSE,0.930678,0.930678,0.021887,0.047435
176,9838247_1876-12-06_0_0_001,9838247_1876-12-06_0_0_001_Q19834938,9838247_1876-12-06_0_0_001_Q216,FALSE,0.953982,0.953982,0.013502,0.032516
177,9838247_1876-12-06_0_0_001,9838247_1876-12-06_0_0_001_Q19834938,9838247_1876-12-06_0_0_001_Q81720,FALSE,0.953694,0.953694,0.013926,0.03238
178,9838247_1876-12-06_0_0_001,9838247_1876-12-06_0_0_001_Q8442,9838247_1876-12-06_0_0_001_Q1792,FALSE,0.956689,0.956689,0.011582,0.031729
179,9838247_1876-12-06_0_0_001,9838247_1876-12-06_0_0_001_Q19834938,9838247_1876-12-06_0_0_001_Q1792,FALSE,0.954183,0.954183,0.012393,0.033425
180,9838247_1876-12-06_0_0_001,9838247_1876-12-06_0_0_001_Q8442,9838247_1876-12-06_0_0_001_Q81720,TRUE,0.531989,0.379453,0.531989,0.088558
181,9838247_1876-12-06_0_0_001,9838247_1876-12-06_0_0_001_Q8442,9838247_1876-12-06_0_0_001_Q1773,FALSE,0.955377,0.955377,0.014507,0.030117
182,9838247_1876-12-06_0_0_001,9838247_1876-12-06_0_0_001_Q8442,9838247_1876-12-06_0_0_001_Q216,FALSE,0.957927,0.957927,0.012344,0.029729
183,luxwort-1858-11-28-a-i0005,luxwort-1858-11-28-a-i0005_Q190,luxwort-1858-11-28-a-i0005_Q183,TRUE,0.903063,0.006683,0.903063,0.090254
184,luxwort-1858-11-28-a-i0005,luxwort-1858-11-28-a-i0005_Q190,luxwort-1858-11-28-a-i0005_Q7650,TRUE,0.69422,0.009523,0.69422,0.296257
185,luxwort-1858-11-28-a-i0005,luxwort-1858-11-28-a-i0005_Q190,luxwort-1858-11-28-a-i0005_Q39,PROBABLE,0.86553,0.016875,0.117595,0.86553
186,luxwort-1858-11-28-a-i0005,luxwort-1858-11-28-a-i0005_Q190,luxwort-1858-11-28-a-i0005_Q27306,PROBABLE,0.837078,0.007472,0.15545,0.837078
187,luxwort-1858-11-28-a-i0005,luxwort-1858-11-28-a-i0005_Q190,luxwort-1858-11-28-a-i0005_Q131964,PROBABLE,0.955281,0.009513,0.035206,0.955281
188,luxwort-1858-11-28-a-i0005,luxwort-1858-11-28-a-i0005_Q190,luxwort-1858-11-28-a-i0005_Q154195,TRUE,0.620891,0.009803,0.620891,0.369306
189,luxwort-1858-11-28-a-i0005,luxwort-1858-11-28-a-i0005_Q190,luxwort-1858-11-28-a-i0005_Q64,PROBABLE,0.851647,0.009461,0.138892,0.851647
190,NZZ-1808-04-29-a-p0002,NZZ-1808-04-29-a-p0002_Q321765,NZZ-1808-04-29-a-p0002_Q1748,FALSE,0.955151,0.955151,0.014503,0.030346
191,NZZ-1808-04-29-a-p0002,NZZ-1808-04-29-a-p0002_Q321765,NZZ-1808-04-29-a-p0002_Q159,FALSE,0.954922,0.954922,0.016689,0.028389
192,NZZ-1808-04-29-a-p0002,NZZ-1808-04-29-a-p0002-NIL_von_rotzebue,NZZ-1808-04-29-a-p0002_Q656,FALSE,0.955603,0.955603,0.014971,0.029426
193,NZZ-1808-04-29-a-p0002,NZZ-1808-04-29-a-p0002-NIL_von_rotzebue,NZZ-1808-04-29-a-p0002_Q191,FALSE,0.954373,0.954373,0.015306,0.030321
194,NZZ-1808-04-29-a-p0002,NZZ-1808-04-29-a-p0002_Q321765,NZZ-1808-04-29-a-p0002_Q25535,FALSE,0.954247,0.954247,0.014718,0.031036
195,NZZ-1808-04-29-a-p0002,NZZ-1808-04-29-a-p0002-NIL_burhoyden,NZZ-1808-04-29-a-p0002_Q656,FALSE,0.957102,0.957102,0.014994,0.027904
196,NZZ-1808-04-29-a-p0002,NZZ-1808-04-29-a-p0002-NIL_von_rotzebue,NZZ-1808-04-29-a-p0002_Q35,FALSE,0.950056,0.950056,0.020344,0.0296
197,NZZ-1808-04-29-a-p0002,NZZ-1808-04-29-a-p0002-NIL_von_rotzebue,NZZ-1808-04-29-a-p0002_Q155863,FALSE,0.955093,0.955093,0.016179,0.028729
198,NZZ-1808-04-29-a-p0002,NZZ-1808-04-29-a-p0002_Q334145,NZZ-1808-04-29-a-p0002_Q142,FALSE,0.956005,0.956005,0.015574,0.028421
199,NZZ-1808-04-29-a-p0002,NZZ-1808-04-29-a-p0002_Q334145,NZZ-1808-04-29-a-p0002_Q35,FALSE,0.955833,0.955833,0.016191,0.027976
200,NZZ-1808-04-29-a-p0002,NZZ-1808-04-29-a-p0002_Q321765,NZZ-1808-04-29-a-p0002_Q21,TRUE,0.958786,0.013152,0.958786,0.028062
201,NZZ-1808-04-29-a-p0002,NZZ-1808-04-29-a-p0002-NIL_burhoyden,NZZ-1808-04-29-a-p0002_Q191,FALSE,0.9548,0.9548,0.015799,0.029401
202,NZZ-1808-04-29-a-p0002,NZZ-1808-04-29-a-p0002_Q334145,NZZ-1808-04-29-a-p0002_Q809585,FALSE,0.955808,0.955808,0.015329,0.028863
203,NZZ-1808-04-29-a-p0002,NZZ-1808-04-29-a-p0002-NIL_burhoyden,NZZ-1808-04-29-a-p0002_Q35,FALSE,0.954078,0.954078,0.017889,0.028034
204,NZZ-1808-04-29-a-p0002,NZZ-1808-04-29-a-p0002_Q321765,NZZ-1808-04-29-a-p0002_Q809585,FALSE,0.955332,0.955332,0.015932,0.028736
205,NZZ-1808-04-29-a-p0002,NZZ-1808-04-29-a-p0002_Q321765,NZZ-1808-04-29-a-p0002_Q35,FALSE,0.959915,0.959915,0.013692,0.026393
206,NZZ-1818-08-18-a-p0003,NZZ-1818-08-18-a-p0003-NIL_lasitte,NZZ-1818-08-18-a-p0003_Q142,TRUE,0.969485,0.008929,0.969485,0.021587
207,NZZ-1818-08-18-a-p0003,NZZ-1818-08-18-a-p0003_Q202289,NZZ-1818-08-18-a-p0003_Q90,TRUE,0.971883,0.007305,0.971883,0.020811
208,NZZ-1818-08-18-a-p0003,NZZ-1818-08-18-a-p0003_Q3059883,NZZ-1818-08-18-a-p0003_Q142,TRUE,0.971096,0.008271,0.971096,0.020632
209,NZZ-1818-08-18-a-p0003,NZZ-1818-08-18-a-p0003_Q202289,NZZ-1818-08-18-a-p0003_Q191846,FALSE,0.894309,0.894309,0.021197,0.084494
210,NZZ-1818-08-18-a-p0003,NZZ-1818-08-18-a-p0003_Q3059883,NZZ-1818-08-18-a-p0003_Q90,TRUE,0.971775,0.007898,0.971775,0.020327
211,NZZ-1818-08-18-a-p0003,NZZ-1818-08-18-a-p0003_Q202289,NZZ-1818-08-18-a-p0003_Q649769,FALSE,0.904065,0.904065,0.018617,0.077317
212,NZZ-1818-08-18-a-p0003,NZZ-1818-08-18-a-p0003_Q3059883,NZZ-1818-08-18-a-p0003_Q1286,FALSE,0.884291,0.884291,0.032974,0.082735
213,NZZ-1818-08-18-a-p0003,NZZ-1818-08-18-a-p0003_Q202289,NZZ-1818-08-18-a-p0003_Q2773,FALSE,0.860458,0.860458,0.028315,0.111226
214,NZZ-1818-08-18-a-p0003,NZZ-1818-08-18-a-p0003_Q3385584,NZZ-1818-08-18-a-p0003_Q2773,FALSE,0.904438,0.904438,0.029531,0.066031
215,NZZ-1818-08-18-a-p0003,NZZ-1818-08-18-a-p0003_Q3385584,NZZ-1818-08-18-a-p0003_Q90,TRUE,0.955984,0.010134,0.955984,0.033882
216,NZZ-1818-08-18-a-p0003,NZZ-1818-08-18-a-p0003_Q3385584,NZZ-1818-08-18-a-p0003_Q142,TRUE,0.967566,0.008773,0.967566,0.023661
217,NZZ-1818-08-18-a-p0003,NZZ-1818-08-18-a-p0003_Q3385584,NZZ-1818-08-18-a-p0003_Q191846,TRUE,0.873956,0.032844,0.873956,0.0932
218,NZZ-1818-08-18-a-p0003,NZZ-1818-08-18-a-p0003_Q3385584,NZZ-1818-08-18-a-p0003_Q649769,TRUE,0.805706,0.10904,0.805706,0.085253
219,NZZ-1818-08-18-a-p0003,NZZ-1818-08-18-a-p0003-NIL_lasitte,NZZ-1818-08-18-a-p0003_Q1286,TRUE,0.9699,0.00729,0.9699,0.02281
220,NZZ-1818-08-18-a-p0003,NZZ-1818-08-18-a-p0003-NIL_lasitte,NZZ-1818-08-18-a-p0003_Q90,TRUE,0.966616,0.009185,0.966616,0.024199
221,NZZ-1818-08-18-a-p0003,NZZ-1818-08-18-a-p0003_Q3059883,NZZ-1818-08-18-a-p0003_Q2773,TRUE,0.447426,0.353253,0.447426,0.199321
222,NZZ-1838-06-04-a-p0004,NZZ-1838-06-04-a-p0004_Q17351430,NZZ-1838-06-04-a-p0004_Q43,FALSE,0.955378,0.955378,0.015203,0.029419
223,NZZ-1838-06-04-a-p0004,NZZ-1838-06-04-a-p0004_Q17351430,NZZ-1838-06-04-a-p0004_Q3992,FALSE,0.956914,0.956914,0.015834,0.027252
224,NZZ-1838-06-04-a-p0004,NZZ-1838-06-04-a-p0004_Q61648,NZZ-1838-06-04-a-p0004_Q220,FALSE,0.957339,0.957339,0.0142,0.028461
225,NZZ-1838-06-04-a-p0004,NZZ-1838-06-04-a-p0004_Q15879798,NZZ-1838-06-04-a-p0004_Q4882572,FALSE,0.954212,0.954212,0.01629,0.029498
226,NZZ-1838-06-04-a-p0004,NZZ-1838-06-04-a-p0004_Q190,NZZ-1838-06-04-a-p0004_Q2973,FALSE,0.95776,0.95776,0.014317,0.027923
227,NZZ-1838-06-04-a-p0004,NZZ-1838-06-04-a-p0004_Q17351430,NZZ-1838-06-04-a-p0004_Q4882572,FALSE,0.956456,0.956456,0.01522,0.028324
228,NZZ-1838-06-04-a-p0004,NZZ-1838-06-04-a-p0004_Q15444725,NZZ-1838-06-04-a-p0004_Q70,FALSE,0.956791,0.956791,0.016592,0.026617
229,NZZ-1838-06-04-a-p0004,NZZ-1838-06-04-a-p0004_Q472257,NZZ-1838-06-04-a-p0004_Q43,FALSE,0.954487,0.954487,0.015189,0.030324
230,NZZ-1838-06-04-a-p0004,NZZ-1838-06-04-a-p0004_Q15444725,NZZ-1838-06-04-a-p0004_Q2973,FALSE,0.954691,0.954691,0.016816,0.028493
231,NZZ-1838-06-04-a-p0004,NZZ-1838-06-04-a-p0004_Q61648,NZZ-1838-06-04-a-p0004_Q3033,FALSE,0.955361,0.955361,0.015563,0.029076
232,NZZ-1838-06-04-a-p0004,NZZ-1838-06-04-a-p0004_Q15879798,NZZ-1838-06-04-a-p0004_Q3992,FALSE,0.956581,0.956581,0.014869,0.02855
233,NZZ-1838-06-04-a-p0004,NZZ-1838-06-04-a-p0004_Q15444725,NZZ-1838-06-04-a-p0004_Q1731,FALSE,0.955321,0.955321,0.016827,0.027852
234,NZZ-1838-06-04-a-p0004,NZZ-1838-06-04-a-p0004_Q472257,NZZ-1838-06-04-a-p0004_Q4882572,FALSE,0.955935,0.955935,0.014629,0.029436
235,NZZ-1838-06-04-a-p0004,NZZ-1838-06-04-a-p0004_Q190,NZZ-1838-06-04-a-p0004_Q1731,FALSE,0.955816,0.955816,0.016318,0.027866
236,NZZ-1838-06-04-a-p0004,NZZ-1838-06-04-a-p0004_Q15879798,NZZ-1838-06-04-a-p0004_Q43,FALSE,0.956153,0.956153,0.014747,0.0291
237,NZZ-1838-06-04-a-p0004,NZZ-1838-06-04-a-p0004_Q190,NZZ-1838-06-04-a-p0004_Q43,FALSE,0.957445,0.957445,0.014313,0.028243
